cluster_id,size,size_pct,conversion_rate,avg_age,avg_campaign,avg_pdays,avg_previous,top_job,top_marital,top_education
1,577,40.98011363636363,0.0,40.63258232235702,1.8405545927209706,999.0,0.0,admin.(178),married(266),university.degree(226)
3,1,0.07102272727272728,0.0,84.0,4.0,999.0,0.0,retired(1),divorced(1),basic.4y(1)
4,507,36.00852272727273,0.0,41.03944773175542,1.8974358974358974,6.932938856015779,2.0907297830374754,admin.(153),married(237),university.degree(194)
6,322,22.869318181818183,0.0,41.58385093167702,1.9099378881987579,999.0,1.5838509316770186,admin.(102),married(158),university.degree(122)
7,1,0.07102272727272728,0.0,72.0,16.0,999.0,1.0,retired(1),divorced(1),university.degree(1)
