{
  "auc": 0.6549304300103306,
  "pr_auc": 0.6385363298829193,
  "logloss": 0.8523554125081336,
  "brier": 0.28125705457443423,
  "n_train": 39780,
  "n_valid": 1408
}