{
  "n_variables": 3200,
  "n_couplers": 649600,
  "build_sec": 3.741401195526123,
  "solve_sec": 38.851425886154175,
  "best_energy": 841568.2312140465,
  "violations": {
    "cluster_0": 3.3985922574157867,
    "cluster_1": 0.2661639014580191,
    "cluster_2": 0.33916540975364506,
    "cluster_3": 0.4262443438914027,
    "cluster_4": 0.5772750125691302,
    "cluster_5": 0.5585721468074409,
    "cluster_6": 0.6168929110105581,
    "cluster_7": 0.6142785319255908
  }
}