{
  "coarsen_sec": 0.793903112411499,
  "bqm_build_sec": 3.741401195526123,
  "anneal_sec": 38.851425886154175,
  "decode_sec": 0.0069980621337890625,
  "expand_sec": 0.004594087600708008,
  "total_sec": 43.39832782745361
}