{
  "n_variables": 3200,
  "n_couplers": 649600,
  "build_sec": 6.188363075256348,
  "solve_sec": 47.830960750579834,
  "best_energy": 309561.4098877907,
  "violations": {
    "cluster_0": 3.4864756158873806,
    "cluster_1": 0.40372046254399196,
    "cluster_2": 0.2677727501256913,
    "cluster_3": 0.592156862745098,
    "cluster_4": 0.4708898944193062,
    "cluster_5": 0.6273504273504273,
    "cluster_6": 0.6237305178481649,
    "cluster_7": 0.5008547008547009
  }
}