{
  "coarsen_sec": 1.041964054107666,
  "bqm_build_sec": 6.188363075256348,
  "anneal_sec": 47.830960750579834,
  "decode_sec": 0.008169889450073242,
  "expand_sec": 0.004933834075927734,
  "total_sec": 55.07440400123596
}