{"method": "baseline", "fills": [1131.601547, 1375.972614, 1317.57603, 1677.298987, 1597.680836, 1346.997968, 1467.866472, 1304.753631, 1387.353735, 1207.740753, 884.546723, 1192.63219, 1281.593794, 1044.627912, 917.099713, 952.584956, 973.110734, 733.411394, 553.500217, 642.809716, 541.771201, 709.953362, 689.179088, 690.421569, 526.414142, 676.654885, 691.912545, 611.151312, 736.492746, 818.943752, 738.13282, 878.036125, 987.225312, 953.181346, 797.324592, 1021.865669, 1113.709828, 1360.466457, 1336.511433, 1225.433675, 1489.734129, 1293.621006, 1276.872368, 1251.674864, 1069.62662, 1409.618986, 1292.229428, 821.080819], "ac_cost": 7645.945566443439}