{"method": "qubo_sqa", "fills": [100, 100, 100, 0, 0, 300], "energy": -179995739.99996257, "ac_cost": 0.05206500000000001}