{
  "n_variables": 800,
  "n_couplers": 160000,
  "build_sec": 2.353050947189331,
  "solve_sec": 113.38979506492615,
  "best_energy": 5187689.398746845,
  "violations": {
    "cluster_0": 0.8366013071895425,
    "cluster_1": 0.8366013071895425
  }
}