{
  "coarsen_sec": 0.9152021408081055,
  "bqm_build_sec": 2.353050947189331,
  "solve_sec": 113.38979506492615,
  "decode_sec": 0.0040607452392578125,
  "expand_sec": 0.0028557777404785156,
  "total_sec": 116.66497111320496
}