{
  "auc": 0.6368438468491736,
  "pr_auc": 0.6303560564810848,
  "logloss": 0.8461580677823952,
  "brier": 0.28501687154235816,
  "n_train": 39780,
  "n_valid": 1408
}