cluster_id,size,size_pct,conversion_rate,avg_age,avg_campaign,avg_pdays,avg_previous,top_job,top_marital,top_education
1,171,12.144886363636363,0.0,42.0233918128655,2.087719298245614,999.0,1.5321637426900585,admin.(55),married(81),university.degree(66)
3,659,46.80397727272727,0.0,41.09711684370258,1.8755690440060697,235.7556904400607,1.9863429438543247,admin.(200),married(314),university.degree(251)
5,578,41.05113636363637,0.0,40.707612456747405,1.8442906574394464,999.0,0.0,admin.(178),married(266),university.degree(226)
