{
  "silhouette": 0.17635378484742048,
  "calinski_harabasz": 422.07226830728445,
  "davies_bouldin": 1.7122298963390596,
  "n_train": 39780,
  "n_valid": 1408
}
